<?xml version="1.0" encoding="UTF-8" standalone="yes"?>
<addon id="plugin.audio.tidal2" name="TIDAL2" version="2.1.3" provider-name="arneson">
  <requires>
    <import addon="xbmc.python" version="2.24.0"/>
    <import addon="script.module.requests"/>
    <import addon="script.module.routing"/>
    <import addon="script.module.m3u8"/>
    <import addon="script.module.kodi-six"/>
    <import addon="script.module.pyaes"/>
    <import addon="inputstream.adaptive" optional="true"/>
  </requires>
  <extension point="xbmc.python.pluginsource" library="addon.py">
    <provides>audio</provides>
  </extension>
  <extension point="xbmc.python.module" library="resources/lib"/>
  <extension point="xbmc.service" library="service.py" start="login"/>
  <extension point="xbmc.addon.metadata">
    <platform>all</platform>
    <language>de en</language>
    <summary lang="en_GB">Extended version of the TIDAL music add-on</summary>
    <summary lang="de_DE">Erweiterte Version des TIDAL Music-Addons</summary>
    <description lang="en_GB">Play music and video from TIDAL music streaming service.

Requires subscription. Visit tidal.com for details.</description>
    <description lang="de_DE">Spielt Music und Videos vom Streaming-Dienst TIDAL.

Es wird ein Abbonement benötigt. Siehe tidal.com für Details.</description>
    <disclaimer lang="en_GB">This is an unofficial client and is not supported nor endorsed by TIDAL.</disclaimer>
    <disclaimer lang="de_DE">Dies ist eine inoffizieller Client, der von TIDAL nicht unterstützt wird.</disclaimer>
    <license>GNU GENERAL PUBLIC LICENSE. Version 3, 29 June 2007</license>
    <forum>http://forum.xbmc.org/showthread.php?tid=200555</forum>
    <source>https://github.com/arnesongit/plugin.audio.tidal2</source>
    <news>v2.1.3 (2023-10-03)
- Added PKCE as second login method additionally to the device code link method:
  - Now every device type from TIDAL apks can be used to login
  - The correct login method is determined automatically
- Added support for HiRes FLAC playback:
  - TIDAL supports HiRes FLAC playback since V2.87 of the original TIDAL Android app
  - There are 4 new device types available: 'Hi Res', 'Dolby Atmos Hi Res', 'Clear Hi Res' and 'Clear Dolby Atmos Hi Res'
  - Only this device types will play streams in HiRes FLAC up to 192 kHz, 24 Bit.
  - All other device types will play MQA master audio and not HiRes.
  - There is a new "HiRes" label extension for track and album items.
  - Added 'HiRes' to the Explore page to browse for HiRes content
- Added experimental support for TIDAL live broadcasts:
  - Live broadcasts can be found under 'Home'->'Live'
- Other small changes:
  - Added search method for user profiles. Please note that not all device types support this.
  - Inserted missing context menu items "Queue item" and "Play next" to tracks in Kodi 20
    </news>
    <assets>
      <icon>resources/icon.png</icon>
      <fanart>resources/fanart.jpg</fanart>
      <screenshot>resources/screenshot000.jpg</screenshot>
      <screenshot>resources/screenshot001.jpg</screenshot>
      <screenshot>resources/screenshot002.jpg</screenshot>
      <screenshot>resources/screenshot003.jpg</screenshot>
      <screenshot>resources/screenshot004.jpg</screenshot>
      <screenshot>resources/screenshot005.jpg</screenshot>
    </assets>
  </extension>
</addon>
