<?xml version="1.0" encoding="UTF-8" standalone="yes"?>
<addon id="context.item.tidal2" name="TIDAL2 Search" version="0.2.5" provider-name="arneson">
  <requires>
    <import addon="xbmc.python" version="3.0.0"/>
    <import addon="script.module.requests"/>
    <import addon="script.module.routing"/>
    <import addon="script.module.kodi-six"/>
    <import addon="plugin.audio.tidal2" version="2.1.2"/>
  </requires>
  <extension point="kodi.context.item" library="context.py">
    <item>
      <label>30001</label>
      <visible>true</visible>
    </item>
  </extension>
  <extension point="xbmc.python.pluginsource" library="addon.py"/>
  <extension point="xbmc.python.module" library="resources/lib"/>
  <extension point="xbmc.addon.metadata">
    <platform>all</platform>
    <language>de en</language>
    <summary lang="en_GB">Context menu to search TIDAL content.</summary>
    <summary lang="de_DE">Kontext-Menü für TIDAL-Suche.</summary>
    <description lang="en_GB">Needs TIDAL2 Addon installed and activated.</description>
    <description lang="de_DE">Benötigt das Addon TIDAL2.</description>
    <disclaimer lang="en_GB">This is an unofficial client and is not supported nor endorsed by TIDAL.</disclaimer>
    <disclaimer lang="de_DE">Dies ist eine inoffizieller Client, der von TIDAL nicht unterstützt wird.</disclaimer>
    <license>GNU GENERAL PUBLIC LICENSE. Version 3, 29 June 2007</license>
    <forum></forum>
    <source>https://github.com/arnesongit/context.item.tidal2</source>
    <news>v0.2.5 (2023-03-08)
- Using new MusicInfoTag and VideoInfoTag classes for Kodi 20 instead of the deprecated setInfo method.
- New context menu items for user playlists to "cleanup":
  - Move MQA, Atmos or RA360 items to another user playlist
  - Move duplicate entries to another user playlist and keep the "best" item.
	The "best" item is MQA. If the same track is available as "explicit" and "non explicit"
	the "non explicit" item will be moved.
  - "Move from here ..." to move multiple playlist items to another playlist
    (This function uses the TIDAL playlist oder, not the order of the sorted list inside Kodi)
- Experimental function to build a "virtual library" for artists and albums
  - The virtual library directories can be set in the addon settings
  - Artist and albun infos are saved as 'nfo' files
  - Album tracks are saved as "STRM" files including the TIDAL2 playback URL.
    This STRM files can be played from the Kodi file browser.
    </news>
    <assets>
      <icon>resources/icon.png</icon>
      <fanart>resources/fanart.jpg</fanart>
    </assets>
  </extension>
</addon>
