<?xml version="1.0" encoding="UTF-8" standalone="yes"?>
<addon id="plugin.audio.tidal2" name="TIDAL2" version="2.0.2" provider-name="arneson">
  <requires>
    <import addon="xbmc.python" version="3.0.0"/>
    <import addon="script.module.requests"/>
    <import addon="script.module.routing"/>
    <import addon="script.module.m3u8"/>
    <import addon="script.module.kodi-six"/>
  </requires>
  <extension point="xbmc.python.pluginsource" library="addon.py">
    <provides>audio</provides>
  </extension>
  <extension point="xbmc.python.module" library="resources/lib"/>
  <extension point="xbmc.service" library="service.py" start="login"/>
  <extension point="xbmc.addon.metadata">
    <platform>all</platform>
    <language>de en</language>
    <summary lang="en_GB">Extended version of the TIDAL music add-on</summary>
    <summary lang="de_DE">Erweiterte Version des TIDAL Music-Addons</summary>
    <description lang="en_GB">Play music and video from TIDAL music streaming service.

Requires subscription. Visit tidal.com for details.</description>
    <description lang="de_DE">Spielt Music und Videos vom Streaming-Dienst TIDAL.

Es wird ein Abbonement benötigt. Siehe tidal.com für Details.</description>
    <disclaimer lang="en_GB">This is an unofficial client and is not supported nor endorsed by TIDAL.</disclaimer>
    <disclaimer lang="de_DE">Dies ist eine inoffizieller Client, der von TIDAL nicht unterstützt wird.</disclaimer>
    <license>GNU GENERAL PUBLIC LICENSE. Version 3, 29 June 2007</license>
    <forum>http://forum.xbmc.org/showthread.php?tid=200555</forum>
    <source>https://github.com/arnesongit/plugin.audio.tidal2</source>
    <news>v2.0.2 (2021-05-24)
- Changed login method to OAuth2
- Intgrated a Login web page for a simple TIDAL device autohrization
- Removed all tokens from the sources because of license restrictions
- Support for Dolby Atmos playback (requires the right client id for playback)
- Support for HI_RES streaming quality (24 Bit) for Master audio tracks
- Improved handling of page limits
- Support for Favorit Mixes (and Radio stations because this are mixes)
- Support for Playlist Folders
- Switched to TIDAL API v2 for Playlist and Folder handling
- Folder name is appended to the playlist name if the playlist is in one of your folders
- Added submenues in artist page for albums, EPs/Singles and compilations
    </news>
    <assets>
      <icon>resources/icon.png</icon>
      <fanart>resources/fanart.jpg</fanart>
      <screenshot>resources/screenshot000.jpg</screenshot>
      <screenshot>resources/screenshot001.jpg</screenshot>
      <screenshot>resources/screenshot002.jpg</screenshot>
      <screenshot>resources/screenshot003.jpg</screenshot>
      <screenshot>resources/screenshot004.jpg</screenshot>
      <screenshot>resources/screenshot005.jpg</screenshot>
    </assets>
  </extension>
</addon>
