<?xml version="1.0" encoding="UTF-8" standalone="yes"?>
<addon id="plugin.audio.tidal2" name="TIDAL2" version="2.1.2" provider-name="arneson">
  <requires>
    <import addon="xbmc.python" version="3.0.0"/>
    <import addon="script.module.requests"/>
    <import addon="script.module.routing"/>
    <import addon="script.module.m3u8"/>
    <import addon="script.module.kodi-six"/>
    <import addon="script.module.pyaes"/>
    <import addon="inputstream.adaptive"/>
    <import addon="inputstream.ffmpegdirect"/>
  </requires>
  <extension point="xbmc.python.pluginsource" library="addon.py">
    <provides>audio</provides>
  </extension>
  <extension point="xbmc.python.module" library="resources/lib"/>
  <extension point="xbmc.service" library="service.py" start="login"/>
  <extension point="xbmc.addon.metadata">
    <platform>all</platform>
    <language>de en</language>
    <summary lang="en_GB">Extended version of the TIDAL music add-on</summary>
    <summary lang="de_DE">Erweiterte Version des TIDAL Music-Addons</summary>
    <description lang="en_GB">Play music and video from TIDAL music streaming service.

Requires subscription. Visit tidal.com for details.</description>
    <description lang="de_DE">Spielt Music und Videos vom Streaming-Dienst TIDAL.

Es wird ein Abbonement benötigt. Siehe tidal.com für Details.</description>
    <disclaimer lang="en_GB">This is an unofficial client and is not supported nor endorsed by TIDAL.</disclaimer>
    <disclaimer lang="de_DE">Dies ist eine inoffizieller Client, der von TIDAL nicht unterstützt wird.</disclaimer>
    <license>GNU GENERAL PUBLIC LICENSE. Version 3, 29 June 2007</license>
    <forum>http://forum.xbmc.org/showthread.php?tid=200555</forum>
    <source>https://github.com/arnesongit/plugin.audio.tidal2</source>
    <news>v2.1.2 (2023-03-08)
- Modifications for Nexus API changes:
  - Use InfoTagMusic and InfoTagVideo classes instead of the deprecated setInfo method
  - Use addAudioStream and addVideoStream for video items instead of the deprecated addStreamInfo method
  - Use a window label to pass the DASH manifest to the inputstream addons because the URL length is now limited to 2083 characters
- Added 'Dolby Atmos', 'Masters (MQA)', '360', 'Staff Picks' and 'Clean Content' to the 'Explore' page.
- Added duration time to album and playlist items
- New addon settings tab 'UI' with:
  - Customizable label colors (for folders, favorites, playlists, MQA, etc.)
  - Enable Kodi Sort-Methods (only for Kodi >= 19). Item lists can now be sorted within the Kodi UI.
- Support for user profiles:
  - View user profiles of your followers
  - View user profiles you follow
  - View public playlists and artists of other profiles
  - View the followers of other profiles
  - View your public playlists
  - Make your own playlists public or private (via context menu)
  - To follow a different users playlist, just add it to your favorites
  - Public playlists are marked with the users profile name (orange label extension)
    </news>
    <assets>
      <icon>resources/icon.png</icon>
      <fanart>resources/fanart.jpg</fanart>
      <screenshot>resources/screenshot000.jpg</screenshot>
      <screenshot>resources/screenshot001.jpg</screenshot>
      <screenshot>resources/screenshot002.jpg</screenshot>
      <screenshot>resources/screenshot003.jpg</screenshot>
      <screenshot>resources/screenshot004.jpg</screenshot>
      <screenshot>resources/screenshot005.jpg</screenshot>
    </assets>
  </extension>
</addon>
