<?xml version="1.0" encoding="UTF-8" standalone="yes"?>
<addon id="context.item.tidal2" name="TIDAL2 Search" version="0.2.4" provider-name="arneson">
  <requires>
    <import addon="xbmc.python" version="3.0.0"/>
    <import addon="script.module.requests"/>
    <import addon="script.module.routing"/>
    <import addon="script.module.kodi-six"/>
    <import addon="plugin.audio.tidal2" version="2.0.2"/>
  </requires>
  <extension point="kodi.context.item" library="context.py">
    <item>
      <label>30001</label>
      <visible>true</visible>
    </item>
  </extension>
  <extension point="xbmc.python.pluginsource" library="addon.py"/>
  <extension point="xbmc.python.module" library="resources/lib"/>
  <extension point="xbmc.addon.metadata">
    <platform>all</platform>
    <language>de en</language>
    <summary lang="en_GB">Context menu to search TIDAL content.</summary>
    <summary lang="de_DE">Kontext-Menü für TIDAL-Suche.</summary>
    <description lang="en_GB">Needs TIDAL2 Addon installed and activated.</description>
    <description lang="de_DE">Benötigt das Addon TIDAL2.</description>
    <disclaimer lang="en_GB">This is an unofficial client and is not supported nor endorsed by TIDAL.</disclaimer>
    <disclaimer lang="de_DE">Dies ist eine inoffizieller Client, der von TIDAL nicht unterstützt wird.</disclaimer>
    <license>GNU GENERAL PUBLIC LICENSE. Version 3, 29 June 2007</license>
    <forum></forum>
    <source>https://github.com/arnesongit/context.item.tidal2</source>
    <news>v0.2.4 (2022-06-29)
- Support for Export/Import of mixes
- Using ActivateWindow instead of Container.Update to show search results.
    </news>
    <assets>
      <icon>resources/icon.png</icon>
      <fanart>resources/fanart.jpg</fanart>
    </assets>
  </extension>
</addon>
